ID,title,source,url,published_at,description,label,explanation,category,date_collected
1,Israel orders evacuation of southern Gaza city of Rafah,"{'id': 'bbc-news', 'name': 'BBC News'}",https://www.bbc.co.uk/news/articles/cq80xqg31x8o,2025-04-15,It is the biggest such order since Israel resumed its offensive in the Palestinian territory earlier this month.,Real,"Published by {'id': 'bbc-news', 'name': 'BBC News'} on 2025-03-31",Unknown,2025-04-15
2,Single parents hit hardest by 'awful April' bill rises,"{'id': 'bbc-news', 'name': 'BBC News'}",https://www.bbc.co.uk/news/articles/cly1vwd57y2o,2025-04-15,"A series of household bills, including water, energy and council tax, increase on Tuesday.",Real,"Published by {'id': 'bbc-news', 'name': 'BBC News'} on 2025-03-31",Unknown,2025-04-15
3,Trump tariffs: Ireland expected to be among hardest hit countries,"{'id': 'bbc-news', 'name': 'BBC News'}",https://www.bbc.co.uk/news/articles/clyq3lvgd4yo,2025-04-15,EU goods are expected to face a tariff of around 20% when entering the United States.,Real,"Published by {'id': 'bbc-news', 'name': 'BBC News'} on 2025-03-31",Unknown,2025-04-15
4,31/03/2025 23:01 GMT,"{'id': 'bbc-news', 'name': 'BBC News'}",https://www.bbc.co.uk/programmes/w172zwwjmhx9yx2,2025-04-15,The latest five minute news bulletin from BBC World Service.,Real,"Published by {'id': 'bbc-news', 'name': 'BBC News'} on 2025-03-31",Unknown,2025-04-15
5,Assignment: Lebanon - Hezbollah in trouble,"{'id': 'bbc-news', 'name': 'BBC News'}",https://www.bbc.co.uk/programmes/p0l11jp5,2025-04-15,"Hezbollah, the militia and political movement in Lebanon, has been battered by the war with Israel. Its leaders were assassinated, hundreds of fighters killed, and many of its communities now lie in ruins. Until recently a formidable power with the ability to…",Real,"Published by {'id': 'bbc-news', 'name': 'BBC News'} on 2025-03-31",Unknown,2025-04-15
6,31/03/2025 22:01 GMT,"{'id': 'bbc-news', 'name': 'BBC News'}",https://www.bbc.co.uk/programmes/w172zwwjmhx9v4y,2025-04-15,The latest five minute news bulletin from BBC World Service.,Real,"Published by {'id': 'bbc-news', 'name': 'BBC News'} on 2025-03-31",Unknown,2025-04-15
7,Le Pen rejects court ban on running for office,"{'id': 'bbc-news', 'name': 'BBC News'}",https://www.bbc.co.uk/programmes/w172zsrztfffr79,2025-04-15,"France's far right leader Marine le Pen has come out fighting after a court blocked her from running for President in two years, following her conviction for embezzlement. We hear reaction from her party, plus analysis of what this means for French politics.
…",Real,"Published by {'id': 'bbc-news', 'name': 'BBC News'} on 2025-03-31",Unknown,2025-04-15
8,31/03/2025 21:01 GMT,"{'id': 'bbc-news', 'name': 'BBC News'}",https://www.bbc.co.uk/programmes/w172zwwjmhx9qdt,2025-04-15,The latest five minute news bulletin from BBC World Service.,Real,"Published by {'id': 'bbc-news', 'name': 'BBC News'} on 2025-03-31",Unknown,2025-04-15
9,31/03/2025 20:01 GMT,"{'id': 'bbc-news', 'name': 'BBC News'}",https://www.bbc.co.uk/programmes/w172zwwjmhx9lnp,2025-04-15,The latest five minute news bulletin from BBC World Service.,Real,"Published by {'id': 'bbc-news', 'name': 'BBC News'} on 2025-03-31",Unknown,2025-04-15
10,Virginia Giuffre in hospital after 'serious accident',"{'id': 'bbc-news', 'name': 'BBC News'}",https://www.bbc.co.uk/news/articles/c5yl5vle2nmo,2025-04-15,"A spokesperson told the BBC Giuffre ""greatly appreciates the support and well wishes people are sending"".",Real,"Published by {'id': 'bbc-news', 'name': 'BBC News'} on 2025-03-31",Unknown,2025-04-15
11,31/03/2025 19:01 GMT,"{'id': 'bbc-news', 'name': 'BBC News'}",https://www.bbc.co.uk/programmes/w172zwwjmhx9gxk,2025-04-15,The latest five minute news bulletin from BBC World Service.,Real,"Published by {'id': 'bbc-news', 'name': 'BBC News'} on 2025-03-31",Unknown,2025-04-15
12,31/03/2025 18:01 GMT,"{'id': 'bbc-news', 'name': 'BBC News'}",https://www.bbc.co.uk/programmes/w172zwwjmhx9c5f,2025-04-15,The latest five minute news bulletin from BBC World Service.,Real,"Published by {'id': 'bbc-news', 'name': 'BBC News'} on 2025-03-31",Unknown,2025-04-15
13,Monday Night Club,"{'id': 'bbc-news', 'name': 'BBC News'}",https://www.bbc.co.uk/iplayer/episode/l0057061/monday-night-club-31032025,2025-04-15,"Mark Chapman, Chris Sutton, Rory Smith, and Joe Hart react to the weekend's football.",Real,"Published by {'id': 'bbc-news', 'name': 'BBC News'} on 2025-03-31",Unknown,2025-04-15
14,31/03/2025 17:01 GMT,"{'id': 'bbc-news', 'name': 'BBC News'}",https://www.bbc.co.uk/programmes/w172zwwjmhx97f9,2025-04-15,The latest five minute news bulletin from BBC World Service.,Real,"Published by {'id': 'bbc-news', 'name': 'BBC News'} on 2025-03-31",Unknown,2025-04-15
15,Zimbabwe protest: Harare shuts down as Blessed Geza calls for Emmerson Mnangagwa to resign,"{'id': 'bbc-news', 'name': 'BBC News'}",https://www.bbc.co.uk/news/articles/c9w8krjyk01o,2025-04-15,Zimbabwe protest: Harare shuts down as Blessed Geza calls for Emmerson Mnangagwa to resignbbc.co.uk,Real,"Published by {'id': 'bbc-news', 'name': 'BBC News'} on 2025-03-31",Unknown,2025-04-15
16,"Has the government really 'returned' 24,000 people?","{'id': 'bbc-news', 'name': 'BBC News'}",https://www.bbc.co.uk/news/articles/clyw8jw11jwo,2025-04-15,"Sir Keir Starmer has claimed more than 24,000 people have been returned since Labour came to power.",Real,"Published by {'id': 'bbc-news', 'name': 'BBC News'} on 2025-03-31",Unknown,2025-04-15
17,Bodies of three missing US soldiers found in Lithuania,"{'id': 'bbc-news', 'name': 'BBC News'}",https://www.bbc.co.uk/news/articles/c8rgdl5x738o,2025-04-15,"The search for a fourth soldier is ongoing in a swampy bog near Pabradė, where they were taking part in military drills.",Real,"Published by {'id': 'bbc-news', 'name': 'BBC News'} on 2025-03-31",Unknown,2025-04-15
18,Can Trump serve a third term as US president?,"{'id': 'bbc-news', 'name': 'BBC News'}",https://www.bbc.co.uk/news/articles/cx20lwedn23o,2025-04-15,"Donald Trump says ""a lot of people want me to do it"" and supporters claim there's a loophole to the two-term constitutional limit.",Real,"Published by {'id': 'bbc-news', 'name': 'BBC News'} on 2025-03-31",Unknown,2025-04-15
19,31/03/2025 16:01 GMT,"{'id': 'bbc-news', 'name': 'BBC News'}",https://www.bbc.co.uk/programmes/w172zwwjmhx93p5,2025-04-15,The latest five minute news bulletin from BBC World Service.,Real,"Published by {'id': 'bbc-news', 'name': 'BBC News'} on 2025-03-31",Unknown,2025-04-15
20,Birmingham City Council declares major incident over bin strike,"{'id': 'bbc-news', 'name': 'BBC News'}",https://www.bbc.co.uk/news/articles/c93gpqvp8w5o,2025-04-15,City council leader John Cotton says the action is being taken because of public health concerns.,Real,"Published by {'id': 'bbc-news', 'name': 'BBC News'} on 2025-03-31",Unknown,2025-04-15
21,31/03/2025 15:01 GMT,"{'id': 'bbc-news', 'name': 'BBC News'}",https://www.bbc.co.uk/programmes/w172zwwjmhx8zy1,2025-04-15,The latest five minute news bulletin from BBC World Service.,Real,"Published by {'id': 'bbc-news', 'name': 'BBC News'} on 2025-03-31",Unknown,2025-04-15
22,Speedway rider Tai Woffinden in coma after crash in Poland,"{'id': 'bbc-news', 'name': 'BBC News'}",https://www.bbc.co.uk/news/articles/c1lm458zgp9o,2025-04-15,Three-time world champion Tai Woffinden suffered multiple injuries in a crash in Poland on Sunday.,Real,"Published by {'id': 'bbc-news', 'name': 'BBC News'} on 2025-03-31",Unknown,2025-04-15
23,French far-right leader barred from running for office,"{'id': 'bbc-news', 'name': 'BBC News'}",https://www.bbc.co.uk/programmes/w172zsrztffdx0d,2025-04-15,"Marine Le Pen has been barred from running for public office for five years, meaning she would not be able to run in the 2027 French presidential election. Also on the programme, the military authorities in Myanmar say more than two-thousand people are now kn…",Real,"Published by {'id': 'bbc-news', 'name': 'BBC News'} on 2025-03-31",Unknown,2025-04-15
24,31/03/2025 14:01 GMT,"{'id': 'bbc-news', 'name': 'BBC News'}",https://www.bbc.co.uk/programmes/w172zwwjmhx8w5x,2025-04-15,The latest five minute news bulletin from BBC World Service.,Real,"Published by {'id': 'bbc-news', 'name': 'BBC News'} on 2025-03-31",Unknown,2025-04-15
25,Explorer becomes first woman to solo traverse Baffin Island,"{'id': 'bbc-news', 'name': 'BBC News'}",https://www.bbc.co.uk/news/articles/c62g4y72ggro,2025-04-15,"Camilla Hempleman-Adams covered 150 miles on foot, in freezing conditions, during her two-week trek.",Real,"Published by {'id': 'bbc-news', 'name': 'BBC News'} on 2025-03-31",Unknown,2025-04-15
26,Woman arrested over body of newborn baby found in Notting Hill,"{'id': 'bbc-news', 'name': 'BBC News'}",https://www.bbc.co.uk/news/articles/c05nggd6ql5o,2025-04-15,"The woman, thought to be the baby's mother, is held on suspicion of concealing a birth and neglect.",Real,"Published by {'id': 'bbc-news', 'name': 'BBC News'} on 2025-03-31",Unknown,2025-04-15
27,"Climber, 22, dies after falling from Ben Nevis","{'id': 'bbc-news', 'name': 'BBC News'}",https://www.bbc.co.uk/news/articles/cq5weeglq3jo,2025-04-15,The man and another climber both fell from Scotland's highest mountain on Saturday.,Real,"Published by {'id': 'bbc-news', 'name': 'BBC News'} on 2025-03-31",Unknown,2025-04-15
28,31/03/2025 13:01 GMT,"{'id': 'bbc-news', 'name': 'BBC News'}",https://www.bbc.co.uk/programmes/w172zwwjmhx8rfs,2025-04-15,The latest five minute news bulletin from BBC World Service.,Real,"Published by {'id': 'bbc-news', 'name': 'BBC News'} on 2025-03-31",Unknown,2025-04-15
29,Goats at Brean Down culled by National Trust due to poor health,"{'id': 'bbc-news', 'name': 'BBC News'}",https://www.bbc.co.uk/news/articles/c5ygj8lkq45o,2025-04-15,The last remaining goats at the coastal site had to be culled due to tuberculosis.,Real,"Published by {'id': 'bbc-news', 'name': 'BBC News'} on 2025-03-31",Unknown,2025-04-15
30,Camera set up to catch Loch Ness Monster unearthed,"{'id': 'bbc-news', 'name': 'BBC News'}",https://www.bbc.co.uk/news/articles/cx20g82y1k8o,2025-04-15,No sign of the famous monster was found on the camera that had been in Loch Ness for 55 years.,Real,"Published by {'id': 'bbc-news', 'name': 'BBC News'} on 2025-03-31",Unknown,2025-04-15
31,Nurses cling on to newborn babies during earthquake,"{'id': 'bbc-news', 'name': 'BBC News'}",https://www.bbc.co.uk/news/videos/cgm873rlkz9o,2025-04-15,"Friday's powerful earthquake in Myanmar was also felt in Ruili, a border city in neighbouring China.",Real,"Published by {'id': 'bbc-news', 'name': 'BBC News'} on 2025-03-31",Unknown,2025-04-15
32,31/03/2025 12:01 GMT,"{'id': 'bbc-news', 'name': 'BBC News'}",https://www.bbc.co.uk/programmes/w172zwwjmhx8mpn,2025-04-15,The latest five minute news bulletin from BBC World Service.,Real,"Published by {'id': 'bbc-news', 'name': 'BBC News'} on 2025-03-31",Unknown,2025-04-15
33,Adolescence makers meet Prime Minister Sir Keir Starmer at Downing Street,"{'id': 'bbc-news', 'name': 'BBC News'}",https://www.bbc.co.uk/news/articles/cx28neprdppo,2025-04-15,"Keir Starmer tells them there is not a ""policy lever that can be pulled"" to combat online misogyny.",Real,"Published by {'id': 'bbc-news', 'name': 'BBC News'} on 2025-03-31",Unknown,2025-04-15
34,31/03/2025 11:01 GMT,"{'id': 'bbc-news', 'name': 'BBC News'}",https://www.bbc.co.uk/programmes/w172zwwjmhx8hyj,2025-04-15,The latest five minute news bulletin from BBC World Service.,Real,"Published by {'id': 'bbc-news', 'name': 'BBC News'} on 2025-03-31",Unknown,2025-04-15
35,Donald Trump labels alleged Turnberry vandals 'terrorists',"{'id': 'bbc-news', 'name': 'BBC News'}",https://www.bbc.co.uk/news/articles/c0r5wkee8z5o,2025-04-15,The US president said he hoped those who caused damage to his resort would be 'treated harshly'.,Real,"Published by {'id': 'bbc-news', 'name': 'BBC News'} on 2025-03-31",Unknown,2025-04-15
36,31/03/2025 10:01 GMT,"{'id': 'bbc-news', 'name': 'BBC News'}",https://www.bbc.co.uk/programmes/w172zwwjmhx8d6d,2025-04-15,The latest five minute news bulletin from BBC World Service.,Real,"Published by {'id': 'bbc-news', 'name': 'BBC News'} on 2025-03-31",Unknown,2025-04-15
37,French far-right leader Marine Le Pen barred from running for public office for five years,"{'id': 'bbc-news', 'name': 'BBC News'}",https://www.bbc.co.uk/news/live/cwyewv8xdp7t,2025-04-15,Le Pen's ban - after being found guilty of embezzling EU funds - means she would not be able to run in the 2027 presidential election.,Real,"Published by {'id': 'bbc-news', 'name': 'BBC News'} on 2025-03-31",Unknown,2025-04-15
38,Thames Water picks US private equity firm KKR as preferred buyer,"{'id': 'bbc-news', 'name': 'BBC News'}",https://www.bbc.co.uk/news/articles/crldrylyy9do,2025-04-15,The troubled water utility firm says KKR could complete the deal in the second half of this year.,Real,"Published by {'id': 'bbc-news', 'name': 'BBC News'} on 2025-03-31",Unknown,2025-04-15
39,Marine Le Pen found guilty in EU funding embezzlement case,"{'id': 'bbc-news', 'name': 'BBC News'}",https://www.bbc.co.uk/news/articles/cwyq40yz70qo,2025-04-15,It could mean the leader of the far-right National Rally is banned from standing in the 2027 French presidential election.,Real,"Published by {'id': 'bbc-news', 'name': 'BBC News'} on 2025-03-31",Unknown,2025-04-15
40,31/03/2025 09:01 GMT,"{'id': 'bbc-news', 'name': 'BBC News'}",https://www.bbc.co.uk/programmes/w172zwwjmhx88g8,2025-04-15,The latest five minute news bulletin from BBC World Service.,Real,"Published by {'id': 'bbc-news', 'name': 'BBC News'} on 2025-03-31",Unknown,2025-04-15
41,31/03/2025 08:01 GMT,"{'id': 'bbc-news', 'name': 'BBC News'}",https://www.bbc.co.uk/programmes/w172zwwjmhx84q4,2025-04-15,The latest five minute news bulletin from BBC World Service.,Real,"Published by {'id': 'bbc-news', 'name': 'BBC News'} on 2025-03-31",Unknown,2025-04-15
42,"Alexander Sloley: £10,000 reward offered in missing person case","{'id': 'bbc-news', 'name': 'BBC News'}",https://www.bbc.co.uk/news/articles/clyql0xxn1ro,2025-04-15,"Alexander Sloley: £10,000 reward offered in missing person casebbc.co.uk",Real,"Published by {'id': 'bbc-news', 'name': 'BBC News'} on 2025-03-31",Unknown,2025-04-15
43,31/03/2025 07:01 GMT,"{'id': 'bbc-news', 'name': 'BBC News'}",https://www.bbc.co.uk/programmes/w172zwwjmhx80z0,2025-04-15,The latest five minute news bulletin from BBC World Service.,Real,"Published by {'id': 'bbc-news', 'name': 'BBC News'} on 2025-03-31",Unknown,2025-04-15
44,Primark boss resigns after 'error of judgement',"{'id': 'bbc-news', 'name': 'BBC News'}",https://www.bbc.co.uk/news/articles/c934pzekdz9o,2025-04-15,"Paul Marchant leaves after an allegation about his behaviour towards a woman ""in a social environment"".",Real,"Published by {'id': 'bbc-news', 'name': 'BBC News'} on 2025-03-31",Unknown,2025-04-15
45,31/03/2025 06:01 GMT,"{'id': 'bbc-news', 'name': 'BBC News'}",https://www.bbc.co.uk/programmes/w172zwwjmhx7x6w,2025-04-15,The latest five minute news bulletin from BBC World Service.,Real,"Published by {'id': 'bbc-news', 'name': 'BBC News'} on 2025-03-31",Unknown,2025-04-15
46,Germany decides to leave history in the past and prepare for war,"{'id': 'bbc-news', 'name': 'BBC News'}",https://www.bbc.co.uk/news/articles/cdjyjlkewr2o,2025-04-15,Russian aggression and US isolationism push a once hesitant Germany to invest heavily in defence.,Real,"Published by {'id': 'bbc-news', 'name': 'BBC News'} on 2025-03-31",Unknown,2025-04-15
47,31/03/2025 05:01 GMT,"{'id': 'bbc-news', 'name': 'BBC News'}",https://www.bbc.co.uk/programmes/w172zwwjmhx7sgr,2025-04-15,The latest five minute news bulletin from BBC World Service.,Real,"Published by {'id': 'bbc-news', 'name': 'BBC News'} on 2025-03-31",Unknown,2025-04-15
48,The inside story of Twitter's growth and difficulties,"{'id': 'bbc-news', 'name': 'BBC News'}",https://www.bbc.co.uk/iplayer/episode/m0029m2t/twitter-breaking-the-bird?at_mid=AWhshLsXaF&at_campaign=Twitter_Breaking_the_Bird&at_medium=display_ad&at_campaign_type=owned&at_audience_id=SS&at_product=iplayer&at_brand=m0029m2t&at_ptr_name=bbc&at_ptr_type=media&at_format=image&at_objective=consumption&at_link_title=Twitter_Breaking_the_Bird&at_bbc_team=BBC,2025-04-15,The inside story of the tech entrepreneurs who created the social media app Twitter. They hope to build a digital utopia but are unable to control the dark side of their creation.,Real,"Published by {'id': 'bbc-news', 'name': 'BBC News'} on 2025-03-31",Unknown,2025-04-15
49,31/03/2025 04:01 GMT,"{'id': 'bbc-news', 'name': 'BBC News'}",https://www.bbc.co.uk/programmes/w172zwwjmhx7nqm,2025-04-15,The latest five minute news bulletin from BBC World Service.,Real,"Published by {'id': 'bbc-news', 'name': 'BBC News'} on 2025-03-31",Unknown,2025-04-15
50,Elon Musk gives away $1m cheques ahead of Wisconsin Supreme Court election,"{'id': 'bbc-news', 'name': 'BBC News'}",https://www.bbc.co.uk/news/articles/cd7v3jj5xy9o,2025-04-15,The state's attorney general tried to block the giveaway arguing it was an illegal bid to buy votes.,Real,"Published by {'id': 'bbc-news', 'name': 'BBC News'} on 2025-03-31",Unknown,2025-04-15
51,31/03/2025 03:01 GMT,"{'id': 'bbc-news', 'name': 'BBC News'}",https://www.bbc.co.uk/programmes/w172zwwjmhx7jzh,2025-04-15,The latest five minute news bulletin from BBC World Service.,Real,"Published by {'id': 'bbc-news', 'name': 'BBC News'} on 2025-03-31",Unknown,2025-04-15
52,Bill rises: Three things you can do to lower the impact,"{'id': 'bbc-news', 'name': 'BBC News'}",https://www.bbc.co.uk/news/articles/c15q5nvnqe9o,2025-04-15,"'Awful April"" will see a range of household bills rise, but there are ways to ease the pain.",Real,"Published by {'id': 'bbc-news', 'name': 'BBC News'} on 2025-03-31",Unknown,2025-04-15
53,31/03/2025 02:01 GMT,"{'id': 'bbc-news', 'name': 'BBC News'}",https://www.bbc.co.uk/programmes/w172zwwjmhx7f7c,2025-04-15,The latest five minute news bulletin from BBC World Service.,Real,"Published by {'id': 'bbc-news', 'name': 'BBC News'} on 2025-03-31",Unknown,2025-04-15
54,"Half of job centres reducing support over shortages, watchdog says","{'id': 'bbc-news', 'name': 'BBC News'}",https://www.bbc.co.uk/news/articles/cgm87z0dv3mo,2025-04-15,"A report says there are 2,100 fewer work coaches than needed while the number of people requiring support has risen.",Real,"Published by {'id': 'bbc-news', 'name': 'BBC News'} on 2025-03-31",Unknown,2025-04-15
55,31/03/2025 01:01 GMT,"{'id': 'bbc-news', 'name': 'BBC News'}",https://www.bbc.co.uk/programmes/w172zwwjmhx79h7,2025-04-15,The latest five minute news bulletin from BBC World Service.,Real,"Published by {'id': 'bbc-news', 'name': 'BBC News'} on 2025-03-31",Unknown,2025-04-15
56,In the Studio: Lindy Lee’s Ouroboros,"{'id': 'bbc-news', 'name': 'BBC News'}",https://www.bbc.co.uk/programmes/p0l11cnr,2025-04-15,"Lindy Lee’s Ouroboros is the most expensive single artwork commission in Australian history. A $14 million, three-tonne, 10-metre wide freestanding shell of mirror-polished stainless steel with 48,000 individually cut plasma-cut perforations: Lindy calls the …",Real,"Published by {'id': 'bbc-news', 'name': 'BBC News'} on 2025-03-31",Unknown,2025-04-15
57,31/03/2025 00:01 GMT,"{'id': 'bbc-news', 'name': 'BBC News'}",https://www.bbc.co.uk/programmes/w172zwwjmhx75r3,2025-04-15,The latest five minute news bulletin from BBC World Service.,Real,"Published by {'id': 'bbc-news', 'name': 'BBC News'} on 2025-03-31",Unknown,2025-04-15
58,Secret filming reveals brazen tactics of UK visa sponsorship scammers,"{'id': 'bbc-news', 'name': 'BBC News'}",https://www.bbc.co.uk/news/articles/c1en4dx7yn9o,2025-04-15,An undercover BBC investigation exposes how rogue agents are exploiting a UK visa scheme.,Real,"Published by {'id': 'bbc-news', 'name': 'BBC News'} on 2025-03-31",Unknown,2025-04-15
59,30/03/2025 23:01 GMT,"{'id': 'bbc-news', 'name': 'BBC News'}",https://www.bbc.co.uk/programmes/w172zgfngg4qsj9,2025-04-15,The latest five minute news bulletin from BBC World Service.,Real,"Published by {'id': 'bbc-news', 'name': 'BBC News'} on 2025-03-31",Unknown,2025-04-15
60,30/03/2025 22:01 GMT,"{'id': 'bbc-news', 'name': 'BBC News'}",https://www.bbc.co.uk/programmes/w172zgfngg4qns5,2025-04-15,The latest five minute news bulletin from BBC World Service.,Real,"Published by {'id': 'bbc-news', 'name': 'BBC News'} on 2025-03-31",Unknown,2025-04-15
61,More aftershocks hit Myanmar,"{'id': 'bbc-news', 'name': 'BBC News'}",https://www.bbc.co.uk/programmes/w172zb9fxppn8rw,2025-04-15,"More aftershocks have been felt in Myanmar as the military junta continues bombing rebels. We speak to Kim Aris, Aung San Suu Kyi’s son, about her 4 years’ incarceration in a Burmese jail. 

Also: Donald Trump has said he was very angry with President Putin f…",Real,"Published by {'id': 'bbc-news', 'name': 'BBC News'} on 2025-03-31",Unknown,2025-04-15
62,30/03/2025 21:01 GMT,"{'id': 'bbc-news', 'name': 'BBC News'}",https://www.bbc.co.uk/programmes/w172zgfngg4qk11,2025-04-15,The latest five minute news bulletin from BBC World Service.,Real,"Published by {'id': 'bbc-news', 'name': 'BBC News'} on 2025-03-31",Unknown,2025-04-15
63,30/03/2025 20:01 GMT,"{'id': 'bbc-news', 'name': 'BBC News'}",https://www.bbc.co.uk/programmes/w172zgfngg4qf8x,2025-04-15,The latest five minute news bulletin from BBC World Service.,Real,"Published by {'id': 'bbc-news', 'name': 'BBC News'} on 2025-03-31",Unknown,2025-04-15
64,30/03/2025 19:01 GMT,"{'id': 'bbc-news', 'name': 'BBC News'}",https://www.bbc.co.uk/programmes/w172zgfngg4q9js,2025-04-15,The latest five minute news bulletin from BBC World Service.,Real,"Published by {'id': 'bbc-news', 'name': 'BBC News'} on 2025-03-31",Unknown,2025-04-15
65,Watch highlights of weekend's Scottish Premiership action,"{'id': 'bbc-news', 'name': 'BBC News'}",https://www.bbc.co.uk/iplayer/episode/m0029myt/sportscene-premiership-highlights-202425-ross-county-v-dundee-united,2025-04-15,"Extended highlights of Ross County v Dundee United, plus the best of the action from Saturday’s matches.",Real,"Published by {'id': 'bbc-news', 'name': 'BBC News'} on 2025-03-31",Unknown,2025-04-15
66,Donald Trump 'very angry' with Vladimir Putin over ceasefire negotiations,"{'id': 'bbc-news', 'name': 'BBC News'}",https://www.bbc.co.uk/news/articles/c20x7z36d56o,2025-04-15,It marks the first time Trump has seriously threatened Russia with consequences for dragging its feet in Ukraine ceasefire negotiations.,Real,"Published by {'id': 'bbc-news', 'name': 'BBC News'} on 2025-03-31",Unknown,2025-04-15
67,30/03/2025 18:01 GMT,"{'id': 'bbc-news', 'name': 'BBC News'}",https://www.bbc.co.uk/programmes/w172zgfngg4q5sn,2025-04-15,The latest five minute news bulletin from BBC World Service.,Real,"Published by {'id': 'bbc-news', 'name': 'BBC News'} on 2025-03-31",Unknown,2025-04-15
68,SPFL Challenge Cup,"{'id': 'bbc-news', 'name': 'BBC News'}",https://www.bbc.co.uk/programmes/m0029ldm,2025-04-15,The SPFL Trust Trophy Cup final is live on BBC ALBA from the Falkirk Stadium.,Real,"Published by {'id': 'bbc-news', 'name': 'BBC News'} on 2025-03-31",Unknown,2025-04-15
69,Why are Morrisons and Sainsbury's cafes closing?,"{'id': 'bbc-news', 'name': 'BBC News'}",https://www.bbc.co.uk/news/articles/c30mevm3g60o,2025-04-15,Morrisons and Sainsbury's have announced a raft of cafe closures - but some customers insist they should stay open.,Real,"Published by {'id': 'bbc-news', 'name': 'BBC News'} on 2025-03-31",Unknown,2025-04-15
70,30/03/2025 17:01 GMT,"{'id': 'bbc-news', 'name': 'BBC News'}",https://www.bbc.co.uk/programmes/w172zgfngg4q21j,2025-04-15,The latest five minute news bulletin from BBC World Service.,Real,"Published by {'id': 'bbc-news', 'name': 'BBC News'} on 2025-03-31",Unknown,2025-04-15
71,30/03/2025 16:01 GMT,"{'id': 'bbc-news', 'name': 'BBC News'}",https://www.bbc.co.uk/programmes/w172zgfngg4py9d,2025-04-15,The latest five minute news bulletin from BBC World Service.,Real,"Published by {'id': 'bbc-news', 'name': 'BBC News'} on 2025-03-31",Unknown,2025-04-15
72,30/03/2025 15:01 GMT,"{'id': 'bbc-news', 'name': 'BBC News'}",https://www.bbc.co.uk/programmes/w172zgfngg4ptk8,2025-04-15,The latest five minute news bulletin from BBC World Service.,Real,"Published by {'id': 'bbc-news', 'name': 'BBC News'} on 2025-03-31",Unknown,2025-04-15
73,Murder arrest after three people die house fire,"{'id': 'bbc-news', 'name': 'BBC News'}",https://www.bbc.co.uk/news/articles/cwyq414d9g2o,2025-04-15,"Northamptonshire Police confirms a man, woman, and four-year-old girl died in the blaze.",Real,"Published by {'id': 'bbc-news', 'name': 'BBC News'} on 2025-03-31",Unknown,2025-04-15
74,30/03/2025 14:01 GMT,"{'id': 'bbc-news', 'name': 'BBC News'}",https://www.bbc.co.uk/programmes/w172zgfngg4ppt4,2025-04-15,The latest five minute news bulletin from BBC World Service.,Real,"Published by {'id': 'bbc-news', 'name': 'BBC News'} on 2025-03-31",Unknown,2025-04-15
75,Richard Chamberlain obituary,"{'id': 'bbc-news', 'name': 'BBC News'}",https://www.bbc.co.uk/news/articles/cxe2nv0mdv2o,2025-04-15,Dashing American actor who was unrivalled in his ability to hold a television audience.,Real,"Published by {'id': 'bbc-news', 'name': 'BBC News'} on 2025-03-31",Unknown,2025-04-15
76,"Richard Chamberlain, Dr Kildare and Shogun, dies aged 90","{'id': 'bbc-news', 'name': 'BBC News'}",https://www.bbc.co.uk/news/articles/c3v9xzw09z0o,2025-04-15,"Chamberlain earned the title ""king of the mini-series"" for his leading roles in Shogun and The Thorn Birds.",Real,"Published by {'id': 'bbc-news', 'name': 'BBC News'} on 2025-03-31",Unknown,2025-04-15
77,Aftershock hits after earthquake in Myanmar,"{'id': 'bbc-news', 'name': 'BBC News'}",https://www.bbc.co.uk/programmes/w172zb9fxppm9sv,2025-04-15,"Two days after a devastating earthquake, an aftershock hits as we speak to someone in Mandalay, Myanmar's second largest city.

Rescue teams from around the world are continuing operations to search for survivors and recover bodies in the conflict-hit country…",Real,"Published by {'id': 'bbc-news', 'name': 'BBC News'} on 2025-03-31",Unknown,2025-04-15
78,30/03/2025 13:01 GMT,"{'id': 'bbc-news', 'name': 'BBC News'}",https://www.bbc.co.uk/programmes/w172zgfngg4pl20,2025-04-15,The latest five minute news bulletin from BBC World Service.,Real,"Published by {'id': 'bbc-news', 'name': 'BBC News'} on 2025-03-31",Unknown,2025-04-15
79,30/03/2025 12:01 GMT,"{'id': 'bbc-news', 'name': 'BBC News'}",https://www.bbc.co.uk/programmes/w172zgfngg4pg9w,2025-04-15,The latest five minute news bulletin from BBC World Service.,Real,"Published by {'id': 'bbc-news', 'name': 'BBC News'} on 2025-03-31",Unknown,2025-04-15
80,In pictures: Eid celebrations around the world,"{'id': 'bbc-news', 'name': 'BBC News'}",https://www.bbc.co.uk/news/articles/c75dnrx43leo,2025-04-15,"Muslims around the world celebrate Eid al-Fitr, the festival marking the end of Ramadan.",Real,"Published by {'id': 'bbc-news', 'name': 'BBC News'} on 2025-03-31",Unknown,2025-04-15
81,30/03/2025 11:01 GMT,"{'id': 'bbc-news', 'name': 'BBC News'}",https://www.bbc.co.uk/programmes/w172zgfngg4pbkr,2025-04-15,The latest five minute news bulletin from BBC World Service.,Real,"Published by {'id': 'bbc-news', 'name': 'BBC News'} on 2025-03-31",Unknown,2025-04-15
82,Kent vulnerable people urged to get spring Covid-19 jab,"{'id': 'bbc-news', 'name': 'BBC News'}",https://www.bbc.co.uk/news/articles/c3373gndljvo,2025-04-15,The spring vaccination programme will be open from 1 April until 15 June.,Real,"Published by {'id': 'bbc-news', 'name': 'BBC News'} on 2025-03-31",Unknown,2025-04-15
83,30/03/2025 10:01 GMT,"{'id': 'bbc-news', 'name': 'BBC News'}",https://www.bbc.co.uk/programmes/w172zgfngg4p6tm,2025-04-15,The latest five minute news bulletin from BBC World Service.,Real,"Published by {'id': 'bbc-news', 'name': 'BBC News'} on 2025-03-31",Unknown,2025-04-15
84,Trump: couldn't care less if foreign car prices high,"{'id': 'bbc-news', 'name': 'BBC News'}",https://www.bbc.co.uk/news/articles/cgrgj51gl25o,2025-04-15,Trump says he hopes foreign carmakers raise prices as it means people will buy US-made cars.,Real,"Published by {'id': 'bbc-news', 'name': 'BBC News'} on 2025-03-31",Unknown,2025-04-15
85,30/03/2025 09:01 GMT,"{'id': 'bbc-news', 'name': 'BBC News'}",https://www.bbc.co.uk/programmes/w172zgfngg4p32h,2025-04-15,The latest five minute news bulletin from BBC World Service.,Real,"Published by {'id': 'bbc-news', 'name': 'BBC News'} on 2025-03-31",Unknown,2025-04-15
86,Welby says he forgives serial abuser John Smyth,"{'id': 'bbc-news', 'name': 'BBC News'}",https://www.bbc.co.uk/news/videos/c4g2v8j2zg5o,2025-04-15,"The former Archbishop of Canterbury quit over how he handled allegations about Smyth, who abused scores of young men and boys.",Real,"Published by {'id': 'bbc-news', 'name': 'BBC News'} on 2025-03-31",Unknown,2025-04-15
87,Justin Welby: Former Archbishop of Canterbury forgives serial abuser John Smyth,"{'id': 'bbc-news', 'name': 'BBC News'}",https://www.bbc.co.uk/news/articles/cj929xd84e3o,2025-04-15,"In his first interview since resigning, the former Archbishop of Canterbury reflects on the scandal which led him to quit.",Real,"Published by {'id': 'bbc-news', 'name': 'BBC News'} on 2025-03-31",Unknown,2025-04-15
88,30/03/2025 08:01 GMT,"{'id': 'bbc-news', 'name': 'BBC News'}",https://www.bbc.co.uk/programmes/w172zgfngg4nzbc,2025-04-15,The latest five minute news bulletin from BBC World Service.,Real,"Published by {'id': 'bbc-news', 'name': 'BBC News'} on 2025-03-31",Unknown,2025-04-15
89,30/03/2025 07:01 GMT,"{'id': 'bbc-news', 'name': 'BBC News'}",https://www.bbc.co.uk/programmes/w172zgfngg4nvl7,2025-04-15,The latest five minute news bulletin from BBC World Service.,Real,"Published by {'id': 'bbc-news', 'name': 'BBC News'} on 2025-03-31",Unknown,2025-04-15
90,30/03/2025 06:01 GMT,"{'id': 'bbc-news', 'name': 'BBC News'}",https://www.bbc.co.uk/programmes/w172zgfngg4nqv3,2025-04-15,The latest five minute news bulletin from BBC World Service.,Real,"Published by {'id': 'bbc-news', 'name': 'BBC News'} on 2025-03-31",Unknown,2025-04-15
91,30/03/2025 05:01 GMT,"{'id': 'bbc-news', 'name': 'BBC News'}",https://www.bbc.co.uk/programmes/w172zgfngg4nm2z,2025-04-15,The latest five minute news bulletin from BBC World Service.,Real,"Published by {'id': 'bbc-news', 'name': 'BBC News'} on 2025-03-31",Unknown,2025-04-15
92,Solar eclipse: Sky darkens over UK and abroad,"{'id': 'bbc-news', 'name': 'BBC News'}",https://www.bbc.co.uk/news/videos/ce3036yp5ydo,2025-04-15,"The eclipse won't be total anywhere in the world, but parts of Canada will come close.",Real,"Published by {'id': 'bbc-news', 'name': 'BBC News'} on 2025-03-31",Unknown,2025-04-15
93,30/03/2025 04:01 GMT,"{'id': 'bbc-news', 'name': 'BBC News'}",https://www.bbc.co.uk/programmes/w172zgfngg4nhbv,2025-04-15,The latest five minute news bulletin from BBC World Service.,Real,"Published by {'id': 'bbc-news', 'name': 'BBC News'} on 2025-03-31",Unknown,2025-04-15
94,Morning-after pill to be made free at pharmacies in England,"{'id': 'bbc-news', 'name': 'BBC News'}",https://www.bbc.co.uk/news/articles/c8eprd9n5plo,2025-04-15,"The government hopes the move will end the ""unfair postcode lottery"" some women face.",Real,"Published by {'id': 'bbc-news', 'name': 'BBC News'} on 2025-03-31",Unknown,2025-04-15
95,Afro hair: Are my braids doing more harm than good?,"{'id': 'bbc-news', 'name': 'BBC News'}",https://www.bbc.co.uk/news/articles/c3vw4d0k7r0o,2025-04-15,Research suggests the synthetic hair used for braiding could be bad for you - but will that stop women using it?,Real,"Published by {'id': 'bbc-news', 'name': 'BBC News'} on 2025-03-31",Unknown,2025-04-15
96,Adolesence: Teenager dissects Netflix drama with worried parents,"{'id': 'bbc-news', 'name': 'BBC News'}",https://www.bbc.co.uk/news/articles/c93nzv49dg2o,2025-04-15,A 15-year-old teenager discusses Andrew Tate and girl-boy friendships with his parents after watching the Netflix drama.,Real,"Published by {'id': 'bbc-news', 'name': 'BBC News'} on 2025-03-31",Unknown,2025-04-15
97,30/03/2025 03:01 GMT,"{'id': 'bbc-news', 'name': 'BBC News'}",https://www.bbc.co.uk/programmes/w172zgfngg4nclq,2025-04-15,The latest five minute news bulletin from BBC World Service.,Real,"Published by {'id': 'bbc-news', 'name': 'BBC News'} on 2025-03-31",Unknown,2025-04-15
98,30/03/2025 02:01 GMT,"{'id': 'bbc-news', 'name': 'BBC News'}",https://www.bbc.co.uk/programmes/w172zgfngg4n7vl,2025-04-15,The latest five minute news bulletin from BBC World Service.,Real,"Published by {'id': 'bbc-news', 'name': 'BBC News'} on 2025-03-31",Unknown,2025-04-15
99,The Covid generation revisited,"{'id': 'bbc-news', 'name': 'BBC News'}",https://www.bbc.co.uk/programmes/p0l0b7qc,2025-04-15,"Five years on from the global lockdown we catch up with the ""Covid Generation"", the class of 2020 - school leavers and graduates from around the world, to find out how the coronavirus pandemic affected their lives and studies as well as employment prospects. …",Real,"Published by {'id': 'bbc-news', 'name': 'BBC News'} on 2025-03-31",Unknown,2025-04-15
100,Forager's alarm after police visit over mushroom picking claims,"{'id': 'bbc-news', 'name': 'BBC News'}",https://www.bbc.co.uk/news/articles/cx2xex0mj3mo,2025-04-15,Louise Gather says police came to her home after she was accused of picking fungi.,Real,"Published by {'id': 'bbc-news', 'name': 'BBC News'} on 2025-03-31",Unknown,2025-04-15
101,14/04/2025 19:01 GMT,"{'id': 'bbc-news', 'name': 'BBC News'}",https://www.bbc.co.uk/programmes/w172zwwkc1jvs47,2025-04-15,The latest five minute news bulletin from BBC World Service.,Real,"Published by {'id': 'bbc-news', 'name': 'BBC News'} on 2025-04-15",Unknown,2025-04-15
102,14/04/2025 18:01 GMT,"{'id': 'bbc-news', 'name': 'BBC News'}",https://www.bbc.co.uk/programmes/w172zwwkc1jvnd3,2025-04-15,The latest five minute news bulletin from BBC World Service.,Real,"Published by {'id': 'bbc-news', 'name': 'BBC News'} on 2025-04-15",Unknown,2025-04-15
103,5.2 earthquake strikes California near San Diego,"{'id': 'bbc-news', 'name': 'BBC News'}",https://www.bbc.co.uk/news/articles/cvg9ndjvjl9o,2025-04-15,There are no reports of injuries or major damage after the quake struck on Monday morning.,Real,"Published by {'id': 'bbc-news', 'name': 'BBC News'} on 2025-04-15",Unknown,2025-04-15
104,Harry Potter: HBO reveals first cast members for Harry Potter TV series,"{'id': 'bbc-news', 'name': 'BBC News'}",https://www.bbc.co.uk/news/articles/c15vlv3glzqo,2025-04-15,"Paapa Essiedu will portray Severus Snape, while Paul Whitehouse has been cast as Argus Filch.",Real,"Published by {'id': 'bbc-news', 'name': 'BBC News'} on 2025-04-15",Unknown,2025-04-15
105,14/04/2025 17:01 GMT,"{'id': 'bbc-news', 'name': 'BBC News'}",https://www.bbc.co.uk/programmes/w172zwwkc1jvjmz,2025-04-15,The latest five minute news bulletin from BBC World Service.,Real,"Published by {'id': 'bbc-news', 'name': 'BBC News'} on 2025-04-15",Unknown,2025-04-15
106,14/04/2025 16:01 GMT,"{'id': 'bbc-news', 'name': 'BBC News'}",https://www.bbc.co.uk/programmes/w172zwwkc1jvdwv,2025-04-15,The latest five minute news bulletin from BBC World Service.,Real,"Published by {'id': 'bbc-news', 'name': 'BBC News'} on 2025-04-15",Unknown,2025-04-15
107,Manchester Arena families in 'disbelief' Hashem Abedi was able to attack prison officers,"{'id': 'bbc-news', 'name': 'BBC News'}",https://www.bbc.co.uk/news/articles/c1jxngl8207o,2025-04-15,"Families of five of Hashem Abedi's victims tell the government he should not be allowed any privileges in prison, in a letter seen by the BBC.",Real,"Published by {'id': 'bbc-news', 'name': 'BBC News'} on 2025-04-15",Unknown,2025-04-15
108,14/04/2025 15:01 GMT,"{'id': 'bbc-news', 'name': 'BBC News'}",https://www.bbc.co.uk/programmes/w172zwwkc1jv94q,2025-04-15,The latest five minute news bulletin from BBC World Service.,Real,"Published by {'id': 'bbc-news', 'name': 'BBC News'} on 2025-04-15",Unknown,2025-04-15
109,Mcebisi Jonas: South Africa appoints special envoy to US to ease relations,"{'id': 'bbc-news', 'name': 'BBC News'}",https://www.bbc.co.uk/news/articles/cn7x2rnl7myo,2025-04-15,Relations are at an all-time low - South Africa's ambassador to the US was expelled last month.,Real,"Published by {'id': 'bbc-news', 'name': 'BBC News'} on 2025-04-15",Unknown,2025-04-15
110,Masked gang of 20 attacks four teenagers near Fife beach,"{'id': 'bbc-news', 'name': 'BBC News'}",https://www.bbc.co.uk/news/articles/c62g65k1e7lo,2025-04-15,The victims will require follow up medical treatment after the attack last week.,Real,"Published by {'id': 'bbc-news', 'name': 'BBC News'} on 2025-04-15",Unknown,2025-04-15
111,Watch: Moment Blue Origin flight with all-female crew blasts off,"{'id': 'bbc-news', 'name': 'BBC News'}",https://www.bbc.co.uk/news/videos/cjr71ylqgqgo,2025-04-15,"The six women, including pop star Katy Perry, took off from Texas on Jeff Bezos' Blue Origin rocket.",Real,"Published by {'id': 'bbc-news', 'name': 'BBC News'} on 2025-04-15",Unknown,2025-04-15
112,European allies' outrage at Russia's attack on Sumy,"{'id': 'bbc-news', 'name': 'BBC News'}",https://www.bbc.co.uk/programmes/w172zss0jz1z672,2025-04-15,"Ukraine's European allies express outrage at Russia's missile attack on the Ukrainian city of Sumy which left 34 civilians dead. We hear from two of the survivors - a mother and her 13-year-old son. 

Also in the programme: Sudan's civil war forces another ma…",Real,"Published by {'id': 'bbc-news', 'name': 'BBC News'} on 2025-04-15",Unknown,2025-04-15
113,Birmingham bin strike to continue as deal rejected,"{'id': 'bbc-news', 'name': 'BBC News'}",https://www.bbc.co.uk/news/articles/cd9ljx8qdqdo,2025-04-15,The month-long walkout has seen bin bags and fly-tipped rubbish piled high on Birmingham's streets.,Real,"Published by {'id': 'bbc-news', 'name': 'BBC News'} on 2025-04-15",Unknown,2025-04-15
114,El Salvador's leader won't return man deported from US in error,"{'id': 'bbc-news', 'name': 'BBC News'}",https://www.bbc.co.uk/news/articles/c9vedkm7w2do,2025-04-15,"Nayib Bukele has won praise from Donald Trump for imprisoning some ""very bad people"" deported from the US.",Real,"Published by {'id': 'bbc-news', 'name': 'BBC News'} on 2025-04-15",Unknown,2025-04-15
115,14/04/2025 14:01 GMT,"{'id': 'bbc-news', 'name': 'BBC News'}",https://www.bbc.co.uk/programmes/w172zwwkc1jv5dl,2025-04-15,The latest five minute news bulletin from BBC World Service.,Real,"Published by {'id': 'bbc-news', 'name': 'BBC News'} on 2025-04-15",Unknown,2025-04-15
116,Berkshire farmer tells drivers to slow down after cow deaths,"{'id': 'bbc-news', 'name': 'BBC News'}",https://www.bbc.co.uk/news/articles/cq5wwxgq5dzo,2025-04-15,Michelle Bowsher says an average of five of her cows are killed every year by motorists.,Real,"Published by {'id': 'bbc-news', 'name': 'BBC News'} on 2025-04-15",Unknown,2025-04-15
117,14/04/2025 13:01 GMT,"{'id': 'bbc-news', 'name': 'BBC News'}",https://www.bbc.co.uk/programmes/w172zwwkc1jv1ng,2025-04-15,The latest five minute news bulletin from BBC World Service.,Real,"Published by {'id': 'bbc-news', 'name': 'BBC News'} on 2025-04-15",Unknown,2025-04-15
118,14/04/2025 12:01 GMT,"{'id': 'bbc-news', 'name': 'BBC News'}",https://www.bbc.co.uk/programmes/w172zwwkc1jtxxb,2025-04-15,The latest five minute news bulletin from BBC World Service.,Real,"Published by {'id': 'bbc-news', 'name': 'BBC News'} on 2025-04-15",Unknown,2025-04-15
119,Bernie Sanders makes surprise appearance at Coachella,"{'id': 'bbc-news', 'name': 'BBC News'}",https://www.bbc.co.uk/news/videos/crkxz0d0657o,2025-04-15,Bernie Sanders makes surprise appearance at Coachellabbc.co.uk,Real,"Published by {'id': 'bbc-news', 'name': 'BBC News'} on 2025-04-15",Unknown,2025-04-15
120,Karenna Groff and family killed in New York plane crash,"{'id': 'bbc-news', 'name': 'BBC News'}",https://www.bbc.co.uk/news/articles/cvg7p52xd5po,2025-04-15,"MIT graduate Karenna Groff, who was named Woman of the Year by the NCAA in 2022, was among the victims.",Real,"Published by {'id': 'bbc-news', 'name': 'BBC News'} on 2025-04-15",Unknown,2025-04-15
121,14/04/2025 11:01 GMT,"{'id': 'bbc-news', 'name': 'BBC News'}",https://www.bbc.co.uk/programmes/w172zwwkc1jtt56,2025-04-15,The latest five minute news bulletin from BBC World Service.,Real,"Published by {'id': 'bbc-news', 'name': 'BBC News'} on 2025-04-15",Unknown,2025-04-15
122,"Blue Origin live: Katy Perry, Lauren Sánchez, Gayle King reflect on all-female space flight","{'id': 'bbc-news', 'name': 'BBC News'}",https://www.bbc.co.uk/news/live/cdxggynle81t,2025-04-15,"Blue Origin live: Katy Perry, Lauren Sánchez, Gayle King reflect on all-female space flightbbc.co.uk",Real,"Published by {'id': 'bbc-news', 'name': 'BBC News'} on 2025-04-15",Unknown,2025-04-15
123,'Stop Brexit man' Steve Bray cleared over noisy protest,"{'id': 'bbc-news', 'name': 'BBC News'}",https://www.bbc.co.uk/news/articles/cr4ner79y5lo,2025-04-15,Steve Bray is found not guilty of flouting a police ban after playing loud music outside Parliament.,Real,"Published by {'id': 'bbc-news', 'name': 'BBC News'} on 2025-04-15",Unknown,2025-04-15
124,Ex-MP Craig Williams charged with betting offences,"{'id': 'bbc-news', 'name': 'BBC News'}",https://www.bbc.co.uk/news/articles/c230pvpdek9o,2025-04-15,The investigation was launched last year following bets placed on the timing of the 2024 general election.,Real,"Published by {'id': 'bbc-news', 'name': 'BBC News'} on 2025-04-15",Unknown,2025-04-15
125,14/04/2025 10:01 GMT,"{'id': 'bbc-news', 'name': 'BBC News'}",https://www.bbc.co.uk/programmes/w172zwwkc1jtpf2,2025-04-15,The latest five minute news bulletin from BBC World Service.,Real,"Published by {'id': 'bbc-news', 'name': 'BBC News'} on 2025-04-15",Unknown,2025-04-15
126,Sports centre approved on Swanage football club site,"{'id': 'bbc-news', 'name': 'BBC News'}",https://www.bbc.co.uk/news/articles/c3dk4n01pl3o,2025-04-15,The clubhouse at Swanage Town and Herston FC will be replaced by a community sports hub.,Real,"Published by {'id': 'bbc-news', 'name': 'BBC News'} on 2025-04-15",Unknown,2025-04-15
127,14/04/2025 09:01 GMT,"{'id': 'bbc-news', 'name': 'BBC News'}",https://www.bbc.co.uk/programmes/w172zwwkc1jtkny,2025-04-15,The latest five minute news bulletin from BBC World Service.,Real,"Published by {'id': 'bbc-news', 'name': 'BBC News'} on 2025-04-15",Unknown,2025-04-15
128,14/04/2025 08:01 GMT,"{'id': 'bbc-news', 'name': 'BBC News'}",https://www.bbc.co.uk/programmes/w172zwwkc1jtfxt,2025-04-15,The latest five minute news bulletin from BBC World Service.,Real,"Published by {'id': 'bbc-news', 'name': 'BBC News'} on 2025-04-15",Unknown,2025-04-15
129,Katy Perry back on Earth after reaching space,"{'id': 'bbc-news', 'name': 'BBC News'}",https://www.bbc.co.uk/news/articles/cvg8e5gq8ljo,2025-04-15,Six women - including pop star Katy Perry - blasted off into space as part of an all-women suborbital mission,Real,"Published by {'id': 'bbc-news', 'name': 'BBC News'} on 2025-04-15",Unknown,2025-04-15
130,Two British tourists drown near Australia's Great Barrier Reef,"{'id': 'bbc-news', 'name': 'BBC News'}",https://www.bbc.co.uk/news/articles/cp347wqj5z1o,2025-04-15,"The men were found by a rescue helicopter, as was an Australian who is being treated in hospital.",Real,"Published by {'id': 'bbc-news', 'name': 'BBC News'} on 2025-04-15",Unknown,2025-04-15
131,14/04/2025 07:01 GMT,"{'id': 'bbc-news', 'name': 'BBC News'}",https://www.bbc.co.uk/programmes/w172zwwkc1jtb5p,2025-04-15,The latest five minute news bulletin from BBC World Service.,Real,"Published by {'id': 'bbc-news', 'name': 'BBC News'} on 2025-04-15",Unknown,2025-04-15
132,Worksop explosion: Probe continues after man dies in blast,"{'id': 'bbc-news', 'name': 'BBC News'}",https://www.bbc.co.uk/news/articles/cx20kdlxdv3o,2025-04-15,A man in his 50s died in the explosion that saw dozens of people evacuated from their homes.,Real,"Published by {'id': 'bbc-news', 'name': 'BBC News'} on 2025-04-15",Unknown,2025-04-15
133,14/04/2025 06:01 GMT,"{'id': 'bbc-news', 'name': 'BBC News'}",https://www.bbc.co.uk/programmes/w172zwwkc1jt6fk,2025-04-15,The latest five minute news bulletin from BBC World Service.,Real,"Published by {'id': 'bbc-news', 'name': 'BBC News'} on 2025-04-15",Unknown,2025-04-15
134,Tenants enlist health professionals in Peabody mouldy homes fight,"{'id': 'bbc-news', 'name': 'BBC News'}",https://www.bbc.co.uk/news/articles/c93gnyp13pzo,2025-04-15,Residents enlist health professionals and lawyers after suffering from mouldy and damp homes for years.,Real,"Published by {'id': 'bbc-news', 'name': 'BBC News'} on 2025-04-15",Unknown,2025-04-15
135,14/04/2025 05:01 GMT,"{'id': 'bbc-news', 'name': 'BBC News'}",https://www.bbc.co.uk/programmes/w172zwwkc1jt2pf,2025-04-15,The latest five minute news bulletin from BBC World Service.,Real,"Published by {'id': 'bbc-news', 'name': 'BBC News'} on 2025-04-15",Unknown,2025-04-15
136,Aimee Lou Wood calls SNL White Lotus sketch 'mean and unfunny',"{'id': 'bbc-news', 'name': 'BBC News'}",https://www.bbc.co.uk/news/articles/c5yr7yy40j3o,2025-04-15,"The White Lotus star said a sketch that impersonated her using prosthetic teeth ""punched down"" on her.",Real,"Published by {'id': 'bbc-news', 'name': 'BBC News'} on 2025-04-15",Unknown,2025-04-15
137,14/04/2025 04:01 GMT,"{'id': 'bbc-news', 'name': 'BBC News'}",https://www.bbc.co.uk/programmes/w172zwwkc1jsyy9,2025-04-15,The latest five minute news bulletin from BBC World Service.,Real,"Published by {'id': 'bbc-news', 'name': 'BBC News'} on 2025-04-15",Unknown,2025-04-15
138,14/04/2025 03:01 GMT,"{'id': 'bbc-news', 'name': 'BBC News'}",https://www.bbc.co.uk/programmes/w172zwwkc1jsv65,2025-04-15,The latest five minute news bulletin from BBC World Service.,Real,"Published by {'id': 'bbc-news', 'name': 'BBC News'} on 2025-04-15",Unknown,2025-04-15
139,14/04/2025 02:01 GMT,"{'id': 'bbc-news', 'name': 'BBC News'}",https://www.bbc.co.uk/programmes/w172zwwkc1jsqg1,2025-04-15,The latest five minute news bulletin from BBC World Service.,Real,"Published by {'id': 'bbc-news', 'name': 'BBC News'} on 2025-04-15",Unknown,2025-04-15
140,Zelensky urges Trump to visit Ukraine ahead of deal with Russia,"{'id': 'bbc-news', 'name': 'BBC News'}",https://www.bbc.co.uk/news/articles/c0r5vlwj4dqo,2025-04-15,"Trump called Sunday's attack, which killed 34 people, ""horrible"" and ""a mistake"", with Germany calling it a war crime.",Real,"Published by {'id': 'bbc-news', 'name': 'BBC News'} on 2025-04-15",Unknown,2025-04-15
141,14/04/2025 01:01 GMT,"{'id': 'bbc-news', 'name': 'BBC News'}",https://www.bbc.co.uk/programmes/w172zwwkc1jslpx,2025-04-15,The latest five minute news bulletin from BBC World Service.,Real,"Published by {'id': 'bbc-news', 'name': 'BBC News'} on 2025-04-15",Unknown,2025-04-15
142,Peruvian president avoids impeachment over 'Rolexgate' scandal,"{'id': 'bbc-news', 'name': 'BBC News'}",https://www.bbc.co.uk/news/articles/cn4jl0xw35xo,2025-04-15,Dina Boluarte faced allegations that she accepted Rolex watches as bribes.,Real,"Published by {'id': 'bbc-news', 'name': 'BBC News'} on 2025-04-15",Unknown,2025-04-15
143,In the Studio: Steve Reich,"{'id': 'bbc-news', 'name': 'BBC News'}",https://www.bbc.co.uk/programmes/p0l3nrj6,2025-04-15,"For 60 years, New York composer Steve Reich has been one of classical music’s most celebrated revolutionaries. Pioneering minimalism in the 1960s, a musical style based on repetition and shifting rhythms, his strange experiments with cassette tape led to orch…",Real,"Published by {'id': 'bbc-news', 'name': 'BBC News'} on 2025-04-15",Unknown,2025-04-15
144,14/04/2025 00:01 GMT,"{'id': 'bbc-news', 'name': 'BBC News'}",https://www.bbc.co.uk/programmes/w172zwwkc1jsgys,2025-04-15,The latest five minute news bulletin from BBC World Service.,Real,"Published by {'id': 'bbc-news', 'name': 'BBC News'} on 2025-04-15",Unknown,2025-04-15
145,Meta's antitrust trial could force Zuckerberg to sell Instagram,"{'id': 'bbc-news', 'name': 'BBC News'}",https://www.bbc.co.uk/news/articles/cedy2ygy50do,2025-04-15,The case against Facebook owner Meta alleges the company bought Instagram and WhatsApp to wipe out competition.,Real,"Published by {'id': 'bbc-news', 'name': 'BBC News'} on 2025-04-15",Unknown,2025-04-15
146,13/04/2025 23:01 GMT,"{'id': 'bbc-news', 'name': 'BBC News'}",https://www.bbc.co.uk/programmes/w172zwwjzs7nhyh,2025-04-15,The latest five minute news bulletin from BBC World Service.,Real,"Published by {'id': 'bbc-news', 'name': 'BBC News'} on 2025-04-15",Unknown,2025-04-15
147,13/04/2025 22:01 GMT,"{'id': 'bbc-news', 'name': 'BBC News'}",https://www.bbc.co.uk/programmes/w172zwwjzs7nd6c,2025-04-15,The latest five minute news bulletin from BBC World Service.,Real,"Published by {'id': 'bbc-news', 'name': 'BBC News'} on 2025-04-15",Unknown,2025-04-15
148,Russia carries out deadly missile strike on Sumy,"{'id': 'bbc-news', 'name': 'BBC News'}",https://www.bbc.co.uk/programmes/w172zss05prs98q,2025-04-15,"Moscow's attack on the north-eastern Ukrainian city of Sumy marked the bloodiest day for Ukrainian civilians in 2025 so far, with at least 34 people killed. A Sumy resident tells us the area struck was busy with people leaving church. 

Also on the programme:…",Real,"Published by {'id': 'bbc-news', 'name': 'BBC News'} on 2025-04-15",Unknown,2025-04-15
149,13/04/2025 21:01 GMT,"{'id': 'bbc-news', 'name': 'BBC News'}",https://www.bbc.co.uk/programmes/w172zwwjzs7n8g7,2025-04-15,The latest five minute news bulletin from BBC World Service.,Real,"Published by {'id': 'bbc-news', 'name': 'BBC News'} on 2025-04-15",Unknown,2025-04-15
150,Jean Marsh dead: Upstairs Downstairs and Doctor Who actress dies at 90,"{'id': 'bbc-news', 'name': 'BBC News'}",https://www.bbc.co.uk/news/articles/c045dk29xqqo,2025-04-15,The British star won an Emmy for her role in the Edwardian period TV drama she co-created in the 1970s.,Real,"Published by {'id': 'bbc-news', 'name': 'BBC News'} on 2025-04-15",Unknown,2025-04-15
151,Record number of migrants cross English Channel in 2025 so far,"{'id': 'bbc-news', 'name': 'BBC News'}",https://www.bbc.co.uk/news/articles/cddezjy97vro,2025-04-15,"Some 656 people crossed the Channel on Saturday, the highest number recorded in a single day this year.",Real,"Published by {'id': 'bbc-news', 'name': 'BBC News'} on 2025-04-15",Unknown,2025-04-15
152,Birmingham bin strike latest: Army experts called in to help,"{'id': 'bbc-news', 'name': 'BBC News'}",https://www.bbc.co.uk/news/articles/cgkg34j0d76o,2025-04-15,"The government says office-based military experts will help because of the ""public health risk"".",Real,"Published by {'id': 'bbc-news', 'name': 'BBC News'} on 2025-04-15",Unknown,2025-04-15
153,13/04/2025 20:01 GMT,"{'id': 'bbc-news', 'name': 'BBC News'}",https://www.bbc.co.uk/programmes/w172zwwjzs7n4q3,2025-04-15,The latest five minute news bulletin from BBC World Service.,Real,"Published by {'id': 'bbc-news', 'name': 'BBC News'} on 2025-04-15",Unknown,2025-04-15
154,Watch: Sportscene highlights from Sunday's Premiership action,"{'id': 'bbc-news', 'name': 'BBC News'}",https://www.bbc.co.uk/iplayer/episode/m002b39k/sportscene-premiership-highlights-202425-13042025,2025-04-15,Extended highlights of Aberdeen v Rangers and Hibernian v Dundee.,Real,"Published by {'id': 'bbc-news', 'name': 'BBC News'} on 2025-04-15",Unknown,2025-04-15
155,13/04/2025 19:01 GMT,"{'id': 'bbc-news', 'name': 'BBC News'}",https://www.bbc.co.uk/programmes/w172zwwjzs7n0yz,2025-04-15,The latest five minute news bulletin from BBC World Service.,Real,"Published by {'id': 'bbc-news', 'name': 'BBC News'} on 2025-04-15",Unknown,2025-04-15
156,13/04/2025 18:01 GMT,"{'id': 'bbc-news', 'name': 'BBC News'}",https://www.bbc.co.uk/programmes/w172zwwjzs7mx6v,2025-04-15,The latest five minute news bulletin from BBC World Service.,Real,"Published by {'id': 'bbc-news', 'name': 'BBC News'} on 2025-04-15",Unknown,2025-04-15
157,13/04/2025 17:01 GMT,"{'id': 'bbc-news', 'name': 'BBC News'}",https://www.bbc.co.uk/programmes/w172zwwjzs7msgq,2025-04-15,The latest five minute news bulletin from BBC World Service.,Real,"Published by {'id': 'bbc-news', 'name': 'BBC News'} on 2025-04-15",Unknown,2025-04-15
158,13/04/2025 16:01 GMT,"{'id': 'bbc-news', 'name': 'BBC News'}",https://www.bbc.co.uk/programmes/w172zwwjzs7mnql,2025-04-15,The latest five minute news bulletin from BBC World Service.,Real,"Published by {'id': 'bbc-news', 'name': 'BBC News'} on 2025-04-15",Unknown,2025-04-15
159,"Kaliyah Coa: Body found in search for girl, 11, in River Thames","{'id': 'bbc-news', 'name': 'BBC News'}",https://www.bbc.co.uk/news/articles/cze1gnyk958o,2025-04-15,The body has not been formally identified but the Met said Kaliyah Coa's family has been informed.,Real,"Published by {'id': 'bbc-news', 'name': 'BBC News'} on 2025-04-15",Unknown,2025-04-15
160,13/04/2025 15:01 GMT,"{'id': 'bbc-news', 'name': 'BBC News'}",https://www.bbc.co.uk/programmes/w172zwwjzs7mjzg,2025-04-15,The latest five minute news bulletin from BBC World Service.,Real,"Published by {'id': 'bbc-news', 'name': 'BBC News'} on 2025-04-15",Unknown,2025-04-15
161,Lanzarote floods: Torrential rain sweeps across Spanish Canary Island,"{'id': 'bbc-news', 'name': 'BBC News'}",https://www.bbc.co.uk/news/articles/cpdz15q2931o,2025-04-15,A state of emergency was declared in the Spanish Canary Island after 6cm (2.4in) of water fell in two hours on Saturday.,Real,"Published by {'id': 'bbc-news', 'name': 'BBC News'} on 2025-04-15",Unknown,2025-04-15
162,"Trump in excellent cognitive and physical health, says White House doctor","{'id': 'bbc-news', 'name': 'BBC News'}",https://www.bbc.co.uk/news/articles/cy9vx1v1rx1o,2025-04-15,"Doctors also found Trump has ""scaring on the right ear from a gunshot wound"", after last July's assassination attempt.",Real,"Published by {'id': 'bbc-news', 'name': 'BBC News'} on 2025-04-15",Unknown,2025-04-15
163,13/04/2025 14:01 GMT,"{'id': 'bbc-news', 'name': 'BBC News'}",https://www.bbc.co.uk/programmes/w172zwwjzs7mf7b,2025-04-15,The latest five minute news bulletin from BBC World Service.,Real,"Published by {'id': 'bbc-news', 'name': 'BBC News'} on 2025-04-15",Unknown,2025-04-15
164,'Death is everywhere': Sudan camp residents shelter from attacks,"{'id': 'bbc-news', 'name': 'BBC News'}",https://www.bbc.co.uk/programmes/w172zss05prrb9p,2025-04-15,"Devastating attacks on a camp hosting hundreds of thousands of people who had fled Sudan's civil war have continued for a third day, residents say. One person in the Zamzam camp described the situation as ""extremely catastrophic"" while another said things wer…",Real,"Published by {'id': 'bbc-news', 'name': 'BBC News'} on 2025-04-15",Unknown,2025-04-15
165,13/04/2025 13:01 GMT,"{'id': 'bbc-news', 'name': 'BBC News'}",https://www.bbc.co.uk/programmes/w172zwwjzs7m9h6,2025-04-15,The latest five minute news bulletin from BBC World Service.,Real,"Published by {'id': 'bbc-news', 'name': 'BBC News'} on 2025-04-15",Unknown,2025-04-15
166,Bangladesh issues arrest warrant for British MP Tulip Siddiq,"{'id': 'bbc-news', 'name': 'BBC News'}",https://www.bbc.co.uk/news/articles/cp8k67028e6o,2025-04-15,"Lawyers acting for the ex-minister denied the charges, which they said were ""politically motivated"".",Real,"Published by {'id': 'bbc-news', 'name': 'BBC News'} on 2025-04-15",Unknown,2025-04-15
167,Obesity in India: How 'pot belly' went from status symbol to silent killer,"{'id': 'bbc-news', 'name': 'BBC News'}",https://www.bbc.co.uk/news/articles/czjnd4rzmglo,2025-04-15,India’s obesity crisis is surging - and the humble pot belly may be a bigger villain than it seems.,Real,"Published by {'id': 'bbc-news', 'name': 'BBC News'} on 2025-04-15",Unknown,2025-04-15
168,At least 32 people killed in Russian missile attack on Ukrainian city,"{'id': 'bbc-news', 'name': 'BBC News'}",https://www.bbc.co.uk/news/articles/c4g4262x4x1o,2025-04-15,Photos and videos of the aftermath show bloodied bodies scattered in the streets around the impact of the missiles.,Real,"Published by {'id': 'bbc-news', 'name': 'BBC News'} on 2025-04-15",Unknown,2025-04-15
169,13/04/2025 12:01 GMT,"{'id': 'bbc-news', 'name': 'BBC News'}",https://www.bbc.co.uk/programmes/w172zwwjzs7m5r2,2025-04-15,The latest five minute news bulletin from BBC World Service.,Real,"Published by {'id': 'bbc-news', 'name': 'BBC News'} on 2025-04-15",Unknown,2025-04-15
170,Worksop explosion: Man killed in blast that destroyed house,"{'id': 'bbc-news', 'name': 'BBC News'}",https://www.bbc.co.uk/news/articles/c9djg62ye25o,2025-04-15,"The explosion in Worksop, Nottinghamshire, led to homes being evacuated on Saturday evening.",Real,"Published by {'id': 'bbc-news', 'name': 'BBC News'} on 2025-04-15",Unknown,2025-04-15
171,13/04/2025 11:01 GMT,"{'id': 'bbc-news', 'name': 'BBC News'}",https://www.bbc.co.uk/programmes/w172zwwjzs7m1zy,2025-04-15,The latest five minute news bulletin from BBC World Service.,Real,"Published by {'id': 'bbc-news', 'name': 'BBC News'} on 2025-04-15",Unknown,2025-04-15
172,'No Fatboy Slim' without small-town DJ pioneer Ron Diggins,"{'id': 'bbc-news', 'name': 'BBC News'}",https://www.bbc.co.uk/news/articles/c05nnq83000o,2025-04-15,"Ron Diggins, from Boston, Lincolnshire, is seen as the father of modern DJ music.",Real,"Published by {'id': 'bbc-news', 'name': 'BBC News'} on 2025-04-15",Unknown,2025-04-15
173,Trump's iPhone olive branch is a significant trade war retreat,"{'id': 'bbc-news', 'name': 'BBC News'}",https://www.bbc.co.uk/news/articles/cde2z6jpzp8o,2025-04-15,Exempting electronics from US tariffs is a stunning about-turn by the Trump administration after 10 days of chaos.,Real,"Published by {'id': 'bbc-news', 'name': 'BBC News'} on 2025-04-15",Unknown,2025-04-15
174,13/04/2025 10:01 GMT,"{'id': 'bbc-news', 'name': 'BBC News'}",https://www.bbc.co.uk/programmes/w172zwwjzs7ly7t,2025-04-15,The latest five minute news bulletin from BBC World Service.,Real,"Published by {'id': 'bbc-news', 'name': 'BBC News'} on 2025-04-15",Unknown,2025-04-15
175,13/04/2025 09:01 GMT,"{'id': 'bbc-news', 'name': 'BBC News'}",https://www.bbc.co.uk/programmes/w172zwwjzs7lthp,2025-04-15,The latest five minute news bulletin from BBC World Service.,Real,"Published by {'id': 'bbc-news', 'name': 'BBC News'} on 2025-04-15",Unknown,2025-04-15
176,Ukraine live: Zelensky says 'dozens dead and wounded' after Russian ballistic missile strike in Sumy,"{'id': 'bbc-news', 'name': 'BBC News'}",https://www.bbc.co.uk/news/live/cd02zgrd3nnt,2025-04-15,Ukraine live: Zelensky says 'dozens dead and wounded' after Russian ballistic missile strike in Sumybbc.co.uk,Real,"Published by {'id': 'bbc-news', 'name': 'BBC News'} on 2025-04-15",Unknown,2025-04-15
177,Gabon election: Coup leader Oligui Nguema wins poll by huge margin,"{'id': 'bbc-news', 'name': 'BBC News'}",https://www.bbc.co.uk/news/articles/cp31kxg35dro,2025-04-15,This was the first presidential vote since the near-six-decade-long Bongo dynasty was overthrown.,Real,"Published by {'id': 'bbc-news', 'name': 'BBC News'} on 2025-04-15",Unknown,2025-04-15
178,13/04/2025 08:01 GMT,"{'id': 'bbc-news', 'name': 'BBC News'}",https://www.bbc.co.uk/programmes/w172zwwjzs7lprk,2025-04-15,The latest five minute news bulletin from BBC World Service.,Real,"Published by {'id': 'bbc-news', 'name': 'BBC News'} on 2025-04-15",Unknown,2025-04-15
179,Church's sleeping pod that helps the homeless,"{'id': 'bbc-news', 'name': 'BBC News'}",https://www.bbc.co.uk/news/articles/c0kxgyp01pko,2025-04-15,Cabin in church grounds provides sleeping space for people who are carefully vetted by charities.,Real,"Published by {'id': 'bbc-news', 'name': 'BBC News'} on 2025-04-15",Unknown,2025-04-15
180,13/04/2025 07:01 GMT,"{'id': 'bbc-news', 'name': 'BBC News'}",https://www.bbc.co.uk/programmes/w172zwwjzs7ll0f,2025-04-15,The latest five minute news bulletin from BBC World Service.,Real,"Published by {'id': 'bbc-news', 'name': 'BBC News'} on 2025-04-15",Unknown,2025-04-15
181,13/04/2025 06:01 GMT,"{'id': 'bbc-news', 'name': 'BBC News'}",https://www.bbc.co.uk/programmes/w172zwwjzs7lg89,2025-04-15,The latest five minute news bulletin from BBC World Service.,Real,"Published by {'id': 'bbc-news', 'name': 'BBC News'} on 2025-04-15",Unknown,2025-04-15
182,Stockton girl's meningitis leads to quadruple amputation,"{'id': 'bbc-news', 'name': 'BBC News'}",https://www.bbc.co.uk/news/articles/cx2vv81k2k1o,2025-04-15,"The family of five-year-old Saffanah praise NHS teams who ""worked tirelessly to save her life"".",Real,"Published by {'id': 'bbc-news', 'name': 'BBC News'} on 2025-04-15",Unknown,2025-04-15
183,13/04/2025 05:01 GMT,"{'id': 'bbc-news', 'name': 'BBC News'}",https://www.bbc.co.uk/programmes/w172zwwjzs7lbj5,2025-04-15,The latest five minute news bulletin from BBC World Service.,Real,"Published by {'id': 'bbc-news', 'name': 'BBC News'} on 2025-04-15",Unknown,2025-04-15
184,"Gaza hospital hit by Israeli strike, Hamas-run health ministry says","{'id': 'bbc-news', 'name': 'BBC News'}",https://www.bbc.co.uk/news/articles/cjr7l123zy5o,2025-04-15,"Witnesses said the strike destroyed part of Al-Ahli Baptist Hospital, the last functioning hospital in Gaza City.",Real,"Published by {'id': 'bbc-news', 'name': 'BBC News'} on 2025-04-15",Unknown,2025-04-15
185,13/04/2025 04:01 GMT,"{'id': 'bbc-news', 'name': 'BBC News'}",https://www.bbc.co.uk/programmes/w172zwwjzs7l6s1,2025-04-15,The latest five minute news bulletin from BBC World Service.,Real,"Published by {'id': 'bbc-news', 'name': 'BBC News'} on 2025-04-15",Unknown,2025-04-15
186,13/04/2025 03:01 GMT,"{'id': 'bbc-news', 'name': 'BBC News'}",https://www.bbc.co.uk/programmes/w172zwwjzs7l30x,2025-04-15,The latest five minute news bulletin from BBC World Service.,Real,"Published by {'id': 'bbc-news', 'name': 'BBC News'} on 2025-04-15",Unknown,2025-04-15
187,13/04/2025 02:01 GMT,"{'id': 'bbc-news', 'name': 'BBC News'}",https://www.bbc.co.uk/programmes/w172zwwjzs7kz8s,2025-04-15,The latest five minute news bulletin from BBC World Service.,Real,"Published by {'id': 'bbc-news', 'name': 'BBC News'} on 2025-04-15",Unknown,2025-04-15
188,13/04/2025 01:01 GMT,"{'id': 'bbc-news', 'name': 'BBC News'}",https://www.bbc.co.uk/programmes/w172zwwjzs7kvjn,2025-04-15,The latest five minute news bulletin from BBC World Service.,Real,"Published by {'id': 'bbc-news', 'name': 'BBC News'} on 2025-04-15",Unknown,2025-04-15
189,Defeated: How ordinary Germans experienced the end of WW2,"{'id': 'bbc-news', 'name': 'BBC News'}",https://www.bbc.co.uk/programmes/p0l3nk2s,2025-04-15,"On 8 May 1945 Britain, the US and many other countries were rejoicing. Germany had surrendered, and World War Two was over, at least in Europe. Yet it was not a day of celebration for everyone - for the vanquished Germans, it marked the end of bombings and of…",Real,"Published by {'id': 'bbc-news', 'name': 'BBC News'} on 2025-04-15",Unknown,2025-04-15
190,13/04/2025 00:01 GMT,"{'id': 'bbc-news', 'name': 'BBC News'}",https://www.bbc.co.uk/programmes/w172zwwjzs7kqsj,2025-04-15,The latest five minute news bulletin from BBC World Service.,Real,"Published by {'id': 'bbc-news', 'name': 'BBC News'} on 2025-04-15",Unknown,2025-04-15
191,Three million child deaths linked to drug resistance,"{'id': 'bbc-news', 'name': 'BBC News'}",https://www.bbc.co.uk/news/articles/cy0xk86l9g9o,2025-04-15,"Children in Africa and South East Asia are most at risk from antibiotics medicines no longer working, a study suggests.",Real,"Published by {'id': 'bbc-news', 'name': 'BBC News'} on 2025-04-15",Unknown,2025-04-15
192,12/04/2025 23:01 GMT,"{'id': 'bbc-news', 'name': 'BBC News'}",https://www.bbc.co.uk/programmes/w172zwwjzs7km1d,2025-04-15,The latest five minute news bulletin from BBC World Service.,Real,"Published by {'id': 'bbc-news', 'name': 'BBC News'} on 2025-04-15",Unknown,2025-04-15
193,Mickey Rourke leaves Celebrity Big Brother over 'unacceptable behaviour',"{'id': 'bbc-news', 'name': 'BBC News'}",https://www.bbc.co.uk/news/articles/cwynegdv09eo,2025-04-15,"The Hollywood actor was formally warned by the show earlier this week over ""offensive"" language he had used.",Real,"Published by {'id': 'bbc-news', 'name': 'BBC News'} on 2025-04-15",Unknown,2025-04-15
194,12/04/2025 22:01 GMT,"{'id': 'bbc-news', 'name': 'BBC News'}",https://www.bbc.co.uk/programmes/w172zwwjzs7kh98,2025-04-15,The latest five minute news bulletin from BBC World Service.,Real,"Published by {'id': 'bbc-news', 'name': 'BBC News'} on 2025-04-15",Unknown,2025-04-15
195,Iran seeks 'fair agreement' in nuclear talks with US,"{'id': 'bbc-news', 'name': 'BBC News'}",https://www.bbc.co.uk/programmes/w172zss05prpdcm,2025-04-15,"Iran and the United States have concluded a first round of talks in Oman over Tehran's nuclear programme - the highest level meeting between the two nations since 2018.

We’ll speak to former United States Deputy Secretary of State Wendy Sherman who negotiate…",Real,"Published by {'id': 'bbc-news', 'name': 'BBC News'} on 2025-04-15",Unknown,2025-04-15
196,Queen Camilla says King's work 'keeps him going',"{'id': 'bbc-news', 'name': 'BBC News'}",https://www.bbc.co.uk/news/articles/ckg2q3gekz0o,2025-04-15,"She says her husband, who has been receiving cancer treatment for over a year, wants to do ""more and more"".",Real,"Published by {'id': 'bbc-news', 'name': 'BBC News'} on 2025-04-15",Unknown,2025-04-15
197,12/04/2025 21:01 GMT,"{'id': 'bbc-news', 'name': 'BBC News'}",https://www.bbc.co.uk/programmes/w172zwwjzs7kck4,2025-04-15,The latest five minute news bulletin from BBC World Service.,Real,"Published by {'id': 'bbc-news', 'name': 'BBC News'} on 2025-04-15",Unknown,2025-04-15
198,12/04/2025 20:01 GMT,"{'id': 'bbc-news', 'name': 'BBC News'}",https://www.bbc.co.uk/programmes/w172zwwjzs7k7t0,2025-04-15,The latest five minute news bulletin from BBC World Service.,Real,"Published by {'id': 'bbc-news', 'name': 'BBC News'} on 2025-04-15",Unknown,2025-04-15
199,Watch Sportscene highlights of Saturday's Premiership action,"{'id': 'bbc-news', 'name': 'BBC News'}",https://www.bbc.co.uk/iplayer/episode/m002b377/sportscene-premiership-highlights-202425-12042025,2025-04-15,Steven Thompson and Michael Stewart present highlights from the afternoon's fixtures in the Scottish Premiership.,Real,"Published by {'id': 'bbc-news', 'name': 'BBC News'} on 2025-04-15",Unknown,2025-04-15
